{
  "project_info": {
    "project_number": "620456872251",
    "project_id": "tailnode-4a384",
    "storage_bucket": "tailnode-4a384.appspot.com"
  },
  "client": [
    {
      "client_info": {
        "mobilesdk_app_id": "1:620456872251:android:2a1850366d99ae5c5f4f1e",
        "android_client_info": {
          "package_name": "com.example.tailnode"
        }
      },
      "oauth_client": [
        {
          "client_id": "620456872251-4sofocnq20bngndga0d1nlfch4efkkh8.apps.googleusercontent.com",
          "client_type": 3
        }
      ],
      "api_key": [
        {
          "current_key": "AIzaSyD9-aEDbQTvz3HT0tnxVcO895b1gFlgOSM"
        }
      ],
      "services": {
        "appinvite_service": {
          "other_platform_oauth_client": [
            {
              "client_id": "620456872251-4sofocnq20bngndga0d1nlfch4efkkh8.apps.googleusercontent.com",
              "client_type": 3
            }
          ]
        }
      }
    }
  ],
  "configuration_version": "1"
}